user_id,name,role,office,manager_id,username
U001,Head of Collections,head,Jogeshwari,,
U002,COO,coo,Jogeshwari,,
M01,Rekha Khan,manager,Jogeshwari,,manager1
M02,Seema Kumar,manager,Jogeshwari,,manager2
M03,Vinod Kulkarni,manager,Jogeshwari,,manager3
M04,Pranav Ansari,manager,Dadar,,manager4
M05,Prakash Shaikh,manager,Dadar,,manager5
M06,Mahendra Gupta,manager,Bangalore,,manager6
M07,Latha Salvi,manager,Bangalore,,manager7
C001,Vinod Reddy,caller,Jogeshwari,M01,caller1
C002,Radha Reddy,caller,Jogeshwari,M01,caller2
C003,Rajesh Kamble,caller,Jogeshwari,M01,caller3
C004,Mohan Bhat,caller,Jogeshwari,M01,caller4
C005,Sachin Shaikh,caller,Jogeshwari,M01,caller5
C006,Shweta Joshi,caller,Jogeshwari,M01,caller6
C007,Yogesh Gupta,caller,Jogeshwari,M01,caller7
C008,Swati Gupta,caller,Jogeshwari,M01,caller8
C009,Yogesh Gowda,caller,Jogeshwari,M01,caller9
C010,Sneha Mhatre,caller,Jogeshwari,M02,caller10
C011,Radha Mehta,caller,Jogeshwari,M02,caller11
C012,Divya Shaikh,caller,Jogeshwari,M02,caller12
C013,Divya Mhatre,caller,Jogeshwari,M02,caller13
C014,Kavita Kumar,caller,Jogeshwari,M02,caller14
C015,Naveen Gupta,caller,Jogeshwari,M02,caller15
C016,Asha Kumar,caller,Jogeshwari,M02,caller16
C017,Savita Deshmukh,caller,Jogeshwari,M02,caller17
C018,Karthik Iyer,caller,Jogeshwari,M02,caller18
C019,Manisha Yadav,caller,Jogeshwari,M03,caller19
C020,Amit Sharma,caller,Jogeshwari,M03,caller20
C021,Pradeep Gowda,caller,Jogeshwari,M03,caller21
C022,Rekha Joshi,caller,Jogeshwari,M03,caller22
C023,Kavita Reddy,caller,Jogeshwari,M03,caller23
C024,Sanjay More,caller,Jogeshwari,M03,caller24
C025,Ramesh Iyer,caller,Jogeshwari,M03,caller25
C026,Amit Sharma,caller,Jogeshwari,M03,caller26
C027,Anita Nair,caller,Jogeshwari,M03,caller27
C028,Kiran Kamble,caller,Dadar,M04,caller28
C029,Fatima Pandey,caller,Dadar,M04,caller29
C030,Sana Shinde,caller,Dadar,M04,caller30
C031,Arjun Kumar,caller,Dadar,M04,caller31
C032,Rekha Nair,caller,Dadar,M04,caller32
C033,Pooja Shaikh,caller,Dadar,M04,caller33
C034,Srinivas Rao,caller,Dadar,M04,caller34
C035,Karthik Kulkarni,caller,Dadar,M04,caller35
C036,Nisha Gupta,caller,Dadar,M04,caller36
C037,Sana Yadav,caller,Dadar,M05,caller37
C038,Rahul Yadav,caller,Dadar,M05,caller38
C039,Latha Mhatre,caller,Dadar,M05,caller39
C040,Rekha Joshi,caller,Dadar,M05,caller40
C041,Nitin Naik,caller,Dadar,M05,caller41
C042,Arjun Gupta,caller,Dadar,M05,caller42
C043,Venkatesh Hegde,caller,Dadar,M05,caller43
C044,Priya Khan,caller,Dadar,M05,caller44
C045,Vijay Mishra,caller,Dadar,M05,caller45
C046,Kiran Tiwari,caller,Bangalore,M06,caller46
C047,Farhan Verma,caller,Bangalore,M06,caller47
C048,Pranav Salvi,caller,Bangalore,M06,caller48
C049,Sunil Shaikh,caller,Bangalore,M06,caller49
C050,Sachin Shetty,caller,Bangalore,M06,caller50
C051,Vinod Mhatre,caller,Bangalore,M06,caller51
C052,Lakshmi Pillai,caller,Bangalore,M06,caller52
C053,Shilpa Menon,caller,Bangalore,M06,caller53
C054,Ravi More,caller,Bangalore,M07,caller54
C055,Kiran Desai,caller,Bangalore,M07,caller55
C056,Anjali Deshmukh,caller,Bangalore,M07,caller56
C057,Farhan Jadhav,caller,Bangalore,M07,caller57
C058,Venkatesh Hegde,caller,Bangalore,M07,caller58
C059,Latha Rao,caller,Bangalore,M07,caller59
C060,Kavita Reddy,caller,Bangalore,M07,caller60
S01,Deepa Yadav,customer_service,Jogeshwari,,cs1
S02,Rekha Nair,customer_service,Dadar,,cs2
S03,Fatima Hegde,customer_service,Bangalore,,cs3
